nome,preço,avalição 
Fullmetal Alchemist - Especial - Vol. 1, R$ 29.90, 4.9 de 5 estrelas
Fullmetal Alchemist - Especial - Vol. 2, R$ 16.90, 4.8 de 5 estrelas
Fullmetal Alchemist - Especial - Vol. 8, R$ 12.99, 4.9 de 5 estrelas
Fullmetal Alchemist - Especial - Vol. 22, R$ 11.70, 4.9 de 5 estrelas
Fullmetal Alchemist - Especial - Vol. 21, R$ 14.32, 5.0 de 5 estrelas
Fullmetal Alchemist - Guia Especial - Vol. 2, R$ 10.99, 4.9 de 5 estrelas
Fullmetal Alchemist - Especial - Vol. 20, R$ 12.49, 5.0 de 5 estrelas
Fullmetal Alchemist - Especial - Vol. 11, R$ 11.96, 4.9 de 5 estrelas
Fullmetal Alchemist - Especial - Vol. 12, R$ 15.21, 4.9 de 5 estrelas
Fullmetal Alchemist - Especial - Vol. 19, R$ 12.49, 5.0 de 5 estrelas
Fullmetal Alchemist - Especial - Vol. 17, R$ 14.36, 4.9 de 5 estrelas
Fullmetal Alchemist - Especial - Vol. 6, R$ 26.90, 4.9 de 5 estrelas
Fullmetal Alchemist - Especial - Vol. 9, R$ 29.90, 4.9 de 5 estrelas
Fullmetal Alchemist - Especial - Vol. 18, R$ 12.90, 4.9 de 5 estrelas
Fullmetal Alchemist - Especial - Vol. 25, R$ 29.90, 4.9 de 5 estrelas
Fullmetal Alchemist - Especial - Vol. 10, R$ 29.90, 4.9 de 5 estrelas
Fullmetal Alchemist: Fullmetal Edition  Vol. 1, R$ 111.92, 4.8 de 5 estrelas
Fullmetal Alchemist - Especial - Vol. 27, Não possui, 4.9 de 5 estrelas
Fullmetal AlchemistEdição Especial De Colecionador, Não possui, Não possui
A Heróica lenda de Arslan - Vol.1, R$ 19.92, 4.7 de 5 estrelas
Fullmetal Alchemist - Guia Especial - Vol. 1, R$ 19.90, 4.7 de 5 estrelas
Fullmetal Alchemist - Especial - Vol. 26, Não possui, 4.9 de 5 estrelas
Fullmetal Alchemist - Especial - Vol. 14, R$ 14.36, 5.0 de 5 estrelas
Fullmetal Alchemist - Especial - Vol. 5, R$ 16.58, 4.9 de 5 estrelas
InuYasha, Não possui, Não possui
POP! FULLMETAL ALCHEMIST - KING BRADLEY WITH CHASE - #733, R$ 140.36, 4.8 de 5 estrelas
Fullmetal Alchemist: The Best, Não possui, 4.8 de 5 estrelas
A Heróica Lenda De Arslan Vol. 5, R$ 29.90, 4.8 de 5 estrelas
A Heróica Lenda De Arslan Vol. 7, R$ 23.92, 4.8 de 5 estrelas
Fullmetal Alchemist - Especial - Vol. 24, Não possui, 5.0 de 5 estrelas
Fullmetal Alchemist: Fullmetal Edition  Vol. 15, R$ 108.80, Não possui
Fullmetal Alchemist: Fullmetal Edition  Vol. 2, R$ 109.53, 4.9 de 5 estrelas
Fullmetal Alchemist - Especial - Vol. 3, Não possui, 4.9 de 5 estrelas
FullMetal Alchemist Coleção completa do volume 01 ao 27., R$ 899.00, 3.0 de 5 estrelas
Fullmetal Alchemist - Especial - Vol. 4, Não possui, 4.9 de 5 estrelas
Fullmetal Alchemist - Especial - Vol. 13, R$ 35.90, 4.9 de 5 estrelas
Fullmetal Alchemist - Especial - Vol. 23, Não possui, 4.9 de 5 estrelas
Fullmetal Alchemist - V. 14, Não possui, Não possui
Fullmetal Alchemist - Especial - Vol. 16, Não possui, 5.0 de 5 estrelas
My Hero Academia - Vol. 1, R$ 19.47, 4.9 de 5 estrelas
Fullmetal Alchemist - Especial - Vol. 15, Não possui, 5.0 de 5 estrelas
Fullmetal Alchemist: Fullmetal Edition  Vol. 6, R$ 109.53, 4.9 de 5 estrelas
Fullmetal Alchemist: Fullmetal Edition  Vol. 4, R$ 109.40, 4.9 de 5 estrelas
Fullmetal Alchemist: Fullmetal Edition  Vol. 11, R$ 90.99, 5.0 de 5 estrelas
Fullmetal Alchemist - Especial - Vol. 7, Não possui, 4.8 de 5 estrelas
Fullmetal Alchemist: Season 1 Box Set, Não possui, 4.7 de 5 estrelas
Funko Pop Full Metal Alcheimist: Edward Elric Nc Games Padrão, R$ 139.90, 4.3 de 5 estrelas
A Heróica Lenda De Arslan Vol. 8, R$ 23.92, 4.5 de 5 estrelas
